from,to
"Empedobacter falsenii","Empedobacter falsenii 1681-1"
"Gillisia sp. Hel1_33_143","Gillisia sp. Hel1_33_143"
"Flavobacterium columnare","Flavobacterium columnare F2S17"
"Elizabethkingia anophelis","Elizabethkingia anophelis 296-96"
"Sphingobacterium spiritivorum","Sphingobacterium spiritivorum FDAARGOS_1145"
"Antarcticibacterium arcticum","Antarcticibacterium arcticum PAMC 28998"
"Porphyromonas gingivalis","Porphyromonas gingivalis KCOM 2801"
"Arachidicoccus ginsenosidivorans","Arachidicoccus ginsenosidivorans Gsoil 809"
"Odoribacter splanchnicus","Odoribacter splanchnicus NCTC10825"
"Blattabacterium sp. (Periplaneta americana)","Blattabacterium sp. (Periplaneta americana) str. BPLAN"
"Flavobacterium gilvum","Flavobacterium gilvum EM1308"
"Flavobacterium psychrophilum","Flavobacterium psychrophilum FPS-S11A"
"Flavobacterium psychrophilum","Flavobacterium psychrophilum P15/8B-11"
"Prevotella melaninogenica","Prevotella melaninogenica GAI 07411"
"Pedobacter roseus","Pedobacter roseus KACC 11594"
"Hymenobacter sp. APR13","Hymenobacter sp. APR13"
"Echinicola strongylocentroti","Echinicola strongylocentroti MEBiC08714"
"Dyadobacter sp. Q3-56","Dyadobacter sp. Q3-56"
"Mesoflavibacter sp. HG37","Mesoflavibacter sp. HG37"
"Flavobacteriaceae bacterium 10Alg115","Flavobacteriaceae bacterium 10Alg115"
"Kaistella antarctica","Kaistella antarctica NCTC13489"
"Bacteroides xylanisolvens","Bacteroides xylanisolvens funn3"
"Chryseobacterium sp. FDAARGOS 1104","Chryseobacterium sp. FDAARGOS 1104"
"Prevotella intermedia","Prevotella intermedia KCOM 1944"
"Winogradskyella sp. PG-2","Winogradskyella sp. PG-2"
"Chryseobacterium sp. SNU WT7","Chryseobacterium sp. SNU WT7"
"Pedobacter cryoconitis","Pedobacter cryoconitis PAMC 27485"
"Flavobacteriaceae bacterium UJ101","Flavobacteriaceae bacterium UJ101"
"Rhodocytophaga rosea","Rhodocytophaga rosea 172606-1"
"Riemerella anatipestifer","Riemerella anatipestifer WJ4"
"Algibacter alginicilyticus","Algibacter alginicilyticus HZ22"
"Bacteroides fragilis","Bacteroides fragilis DCMOUH0085B"
"Candidatus Cardinium hertigii","Candidatus Cardinium hertigii cHgTN10"
"Formosa sp. Hel1_33_131","Formosa sp. Hel1_33_131"
"Flavobacterium psychrophilum","Flavobacterium psychrophilum 030522-1/1"
"Salegentibacter sp. T436","Salegentibacter sp. T436"
"Capnocytophaga sputigena","Capnocytophaga sputigena KC1668"
"Flavobacterium commune","Flavobacterium commune PK15"
"Mucilaginibacter mali","Mucilaginibacter mali G2-14"
"Paludibacter propionicigenes","Paludibacter propionicigenes WB4"
"Elizabethkingia bruuniana","Elizabethkingia bruuniana FDAARGOS_1031"
"Chryseobacterium cucumeris","Chryseobacterium cucumeris MW-6"
"Porphyromonas gingivalis","Porphyromonas gingivalis TDC60"
"Elizabethkingia ursingii","Elizabethkingia ursingii G4123"
"Solitalea canadensis","Solitalea canadensis DSM 3403"
"Porphyromonas gingivalis","Porphyromonas gingivalis KCOM 3001"
"Alistipes onderdonkii","Alistipes onderdonkii subsp. vulgaris 3BBH6"
"Phocaeicola dorei","Phocaeicola dorei DSM 17855"
"Ornithobacterium rhinotracheale","Ornithobacterium rhinotracheale ORT-UMN 88"
"Hymenobacter swuensis","Hymenobacter swuensis DY53"
"Flagellimonas maritima","Flagellimonas maritima HME9304"
"Lutibacter profundi","Lutibacter profundi LP1"
"Tamlana sp. s12","Tamlana sp. s12"
"Pseudopedobacter saltans","Pseudopedobacter saltans DSM 12145"
"Porphyromonas gingivalis","Porphyromonas gingivalis KCOM 3131"
"Bacteroides ovatus","Bacteroides ovatus ATCC 8483"
"Bacteroides fragilis","Bacteroides fragilis FDAARGOS_763"
"Cyclobacterium marinum","Cyclobacterium marinum DSM 745"
"Chryseobacterium gleum","Chryseobacterium gleum NCTC11432"
"Dysgonomonas sp. HDW5A","Dysgonomonas sp. HDW5A"
"Flavobacterium psychrophilum","Flavobacterium psychrophilum V4-24"
"Emticicia oligotrophica","Emticicia oligotrophica DSM 17448"
"Spirosoma linguale","Spirosoma linguale DSM 74"
"Flavobacterium columnare","Flavobacterium columnare F9R75"
"Elizabethkingia meningoseptica","Elizabethkingia meningoseptica G4120"
"Sphingobacterium sp. DR205","Sphingobacterium sp. DR205"
"Elizabethkingia anophelis","Elizabethkingia anophelis AR6-8"
"Elizabethkingia anophelis","Elizabethkingia anophelis CSID_3000521207"
"Flavobacterium psychrophilum","Flavobacterium psychrophilum Z2"
"Porphyromonas gingivalis","Porphyromonas gingivalis KCOM 2803"
"Fulvivirga sp. S481","Fulvivirga sp. S481"
"Pontibacter actiniarum","Pontibacter actiniarum DSM 19842"
"Apibacter sp. B3706","Apibacter sp. B3706"
"Phocaeicola dorei","Phocaeicola dorei JR02"
"Flavobacterium sp. HYN0086","Flavobacterium sp. HYN0086"
"Prevotella melaninogenica","Prevotella melaninogenica FDAARGOS_306"
"Nonlabens sp. MB-3u-79","Nonlabens sp. MB-3u-79"
"Bacteroides thetaiotaomicron","Bacteroides thetaiotaomicron F9-2"
"Tannerella forsythia","Tannerella forsythia 3313"
"Phocaeicola vulgatus","Phocaeicola vulgatus VIC01"
"Flammeovirga sp. MY04","Flammeovirga sp. MY04"
"Phocaeicola vulgatus","Phocaeicola vulgatus mpk"
"Chryseobacterium manosquense","Chryseobacterium manosquense Marseille-Q2069"
"Flavobacterium columnare","Flavobacterium columnare F2R66"
"Flavobacterium psychrophilum","Flavobacterium psychrophilum FPS-S9"
"Flavobacterium columnare","Flavobacterium columnare F9R56"
"Porphyromonas gingivalis","Porphyromonas gingivalis AJW4"
"Capnocytophaga sp. oral taxon 902","Capnocytophaga sp. oral taxon 902 W10638"
"Mucilaginibacter xinganensis","Mucilaginibacter xinganensis BJC16-A31"
"Formosa sp. Hel3_A1_48","Formosa sp. Hel3_A1_48"
"Echinicola sp. LN3S3","Echinicola sp. LN3S3"
"Arcticibacterium luteifluviistationis","Arcticibacterium luteifluviistationis SM1504"
"Capnocytophaga canimorsus","Capnocytophaga canimorsus H3936"
"Kordia antarctica","Kordia antarctica IMCC3317"
"Aequorivita sp. KX20305","Aequorivita sp. KX20305"
"Leadbetterella byssophila","Leadbetterella byssophila DSM 17132"
"Prevotella intermedia","Prevotella intermedia KCOM 2838"
"Sphingobacterium multivorum","Sphingobacterium multivorum FDAARGOS_1142"
"Bacteroides sp. CBA7301","Bacteroides sp. CBA7301"
"Flavobacterium columnare","Flavobacterium columnare F2R64"
"Rhodothermus marinus","Rhodothermus marinus AA2-13"
"Chryseobacterium sp. IHB B 17019","Chryseobacterium sp. IHB B 17019"
"Formosa sp. Hel1_31_208","Formosa sp. Hel1_31_208"
"Duncaniella sp. C9","Duncaniella sp. C9"
"Siansivirga zeaxanthinifaciens","Siansivirga zeaxanthinifaciens CC-SAMT-1"
"Capnocytophaga sputigena","Capnocytophaga sputigena D1179"
"Seonamhaeicola sp. S2-3","Seonamhaeicola sp. S2-3"
"Parabacteroides distasonis","Parabacteroides distasonis FDAARGOS_615"
"Bacteroides fragilis","Bacteroides fragilis DCMOUH0017B"
"Blattabacterium sp. DPU","Blattabacterium sp. DPU"
"Polaribacter sp. MED152","Polaribacter sp. MED152"
"Elizabethkingia anophelis","Elizabethkingia anophelis FDAARGOS_198"
"Elizabethkingia anophelis","Elizabethkingia anophelis JUNP 353"
"Sphingobacterium multivorum","Sphingobacterium multivorum BIGb0170"
"Flavobacterium sediminis","Flavobacterium sediminis MEBiC07310"
"Capnocytophaga ochracea","Capnocytophaga ochracea DSM 7271"
"Prevotella melaninogenica","Prevotella melaninogenica ATCC 25845"
"Cardinium endosymbiont of Encarsia pergandiella","Cardinium endosymbiont cEper1 of Encarsia pergandiella"
"Mucilaginibacter gossypii","Mucilaginibacter gossypii P4"
"Prevotella intermedia","Prevotella intermedia ATCC 25611 = DSM 20706"
"Flavobacterium sp. CLA17","Flavobacterium sp. CLA17"
"Elizabethkingia miricola","Elizabethkingia miricola BM10"
"Niabella soli","Niabella soli DSM 19437"
"Flavobacterium columnare","Flavobacterium columnare strain 94-081"
"Flavobacterium sp. 140616W15","Flavobacterium sp. 140616W15"
"Riemerella anatipestifer","Riemerella anatipestifer RCAD0392"
"Sphingobacterium multivorum","Sphingobacterium multivorum FDAARGOS_1143"
"Mucilaginibacter rubeus","Mucilaginibacter rubeus P2-0.5"
"Elizabethkingia anophelis","Elizabethkingia anophelis FDAARGOS_134"
"Alistipes sp. dk3624","Alistipes sp. dk3624"
"Rhodothermus marinus","Rhodothermus marinus AA3-38"
"Bacteroides ovatus","Bacteroides ovatus FDAARGOS_733"
"Chryseobacterium indoltheticum","Chryseobacterium indoltheticum POL15"
"Phnomibacter ginsenosidimutans","Flavihumibacter sp. SB-02"
"Blattabacterium sp. (Nauphoeta cinerea)","Blattabacterium sp. (Nauphoeta cinerea)"
"Flavobacterium psychrophilum","Flavobacterium psychrophilum FPS-D10"
"Mucilaginibacter rubeus","Mucilaginibacter rubeus P2"
"Flavobacterium magnum","Flavobacterium magnum HYN0048"
"Mucilaginibacter gossypii","Mucilaginibacter gossypii P3"
"Dysgonomonas sp. HDW5B","Dysgonomonas sp. HDW5B"
"Nonlabens sp. MIC269","Nonlabens sp. MIC269"
"Anseongella ginsenosidimutans","Anseongella ginsenosidimutans Gsoil 524"
"Mucilaginibacter gotjawali","Mucilaginibacter gotjawali SA3-7"
"Polaribacter sp. KT25b","Polaribacter sp. KT25b"
"Bacteroides fragilis","Bacteroides fragilis DCMOUH0018B"
"Flavobacterium psychrophilum","Flavobacterium psychrophilum 141127-1/2N"
"Euzebyella marina","Euzebyella marina RN62"
"Tannerella sp. oral taxon HOT-286","Tannerella sp. oral taxon HOT-286 W11667"
"Elizabethkingia anophelis","Elizabethkingia anophelis SUE"
"Sphingobacterium sp. B29","Sphingobacterium sp. B29"
"Parabacteroides sp. CT06","Parabacteroides sp. CT06"
"Prevotella ruminicola","Prevotella ruminicola 23"
"Butyricimonas faecalis","Butyricimonas faecalis H184"
"Barnesiella viscericola","Barnesiella viscericola DSM 18177"
"Flavobacterium psychrophilum","Flavobacterium psychrophilum FPCH6"
"Gramella sp. MAR_2010_102","Gramella sp. MAR_2010_102"
"Saprospira grandis","Saprospira grandis str. Lewin"
"Spirosoma taeanense","Spirosoma taeanense TS118"
"Flavobacterium columnare","Flavobacterium columnare FCO-F9"
"Chryseobacterium indologenes","Chryseobacterium indologenes FDAARGOS_537"
"Gramella forsetii","Gramella forsetii KT0803"
"Bacteroides fragilis","Bacteroides fragilis S14"
"Chitinophaga pinensis","Chitinophaga pinensis DSM 2588"
"Prolixibacteraceae bacterium WC007","Prolixibacteraceae bacterium WC007"
"Maribacter cobaltidurans","Maribacter cobaltidurans B1"
"Capnocytophaga sp. FDAARGOS_737","Capnocytophaga sp. FDAARGOS_737"
"Cytophaga hutchinsonii","Cytophaga hutchinsonii ATCC 33406"
"Chryseobacterium sp. G0201","Chryseobacterium sp. G0201"
"Flavobacterium columnare","Flavobacterium columnare F2R60"
"Flavobacterium psychrophilum","Flavobacterium psychrophilum V4-28"
"Pedobacter sp. PACM 27299","Pedobacter sp. PACM 27299"
"Nonlabens spongiae","Nonlabens spongiae JCM 13191"
"Blattabacterium sp. (Blatta orientalis)","Blattabacterium sp. (Blatta orientalis) str. Tarazona"
"Myroides profundi","Myroides profundi D25"
"Salinibacter ruber","Salinibacter ruber M8"
"Hymenobacter nivis","Hymenobacter nivis NBRC 111535"
"Muribaculum gordoncarteri","Muribaculum gordoncarteri TLL-A4"
"Riemerella anatipestifer","Riemerella anatipestifer RA-CH-2"
"Flavobacteriaceae bacterium F202Z8","Flavobacteriaceae bacterium F202Z8"
"Porphyromonas gingivalis","Porphyromonas gingivalis HG66"
"Weeksella virosa","Weeksella virosa DSM 16922"
"Cellulophaga baltica","Cellulophaga baltica 18"
"Flavobacterium psychrophilum","Flavobacterium psychrophilum FPS-G1"
"Galbibacter sp. BG1","Galbibacter sp. bg1"
"Elizabethkingia anophelis","Elizabethkingia anophelis CSID_3015183681"
"Adhaeribacter radiodurans","Adhaeribacter radiodurans KUDC8001"
"Phocaeicola dorei","Phocaeicola dorei isolate HS1_L3_B_079"
"Filimonas lacunae","Filimonas lacunae NBRC 104114"
"Dokdonia sp. 4H-3-7-5","Dokdonia sp. 4H-3-7-5"
"Bacteroides thetaiotaomicron","Bacteroides thetaiotaomicron DSM 2079"
"Empedobacter stercoris","Empedobacter stercoris ES183"
"Capnocytophaga stomatis","Capnocytophaga stomatis H2177"
"Chryseobacterium nakagawai","Chryseobacterium nakagawai NCTC13529"
"Hymenobacter sedentarius","Hymenobacter sedentarius DG5B"
"Alloprevotella sp. E39","Alloprevotella sp. E39"
"Flavobacterium branchiophilum","Flavobacterium branchiophilum FL-15"
"Flavobacterium columnare","Flavobacterium columnare F2R58"
"Prevotella dentalis","Prevotella dentalis DSM 3688"
"Olleya sp. Bg11-27","Olleya sp. Bg11-27"
"Flavobacteriaceae bacterium AU392","Flavobacteriaceae bacterium AU392"
"Sphingobacterium spiritivorum","Sphingobacterium spiritivorum FDAARGOS_1144"
"Bacteroides eggerthii","Bacteroides eggerthii FDAARGOS_1221"
"Capnocytophaga canimorsus","Capnocytophaga canimorsus 7120"
"Cellulophaga lytica","Cellulophaga lytica HI1"
"Blattabacterium punctulatus","Blattabacterium punctulatus CPUmp"
"Winogradskyella sp. PC-19","Winogradskyella sp. PC-19"
"Aquimarina sp. TRL1","Aquimarina sp. TRL1"
"Pedobacter sp. SW-16","Pedobacter sp. SW-16"
"Flavobacterium psychrophilum","Flavobacterium psychrophilum 160401-1/5M"
"Haliscomenobacter hydrossis","Haliscomenobacter hydrossis DSM 1100"
"Capnocytophaga canimorsus","Capnocytophaga canimorsus NCTC11921"
"Polaribacter sp. Hel1_33_78","Polaribacter sp. Hel1_33_78"
"Cyclobacterium amurskyense","Cyclobacterium amurskyense KCTC 12363"
"Riemerella anatipestifer","Riemerella anatipestifer HXb2"
"Prevotella intermedia","Prevotella intermedia 17"
"Flavobacterium psychrophilum","Flavobacterium psychrophilum FPS-F21"
"Prevotella intermedia","Prevotella intermedia OMA14"
"Hymenobacter russus","Hymenobacter russus BT18"
"Chryseobacterium sp. cx-624","Chryseobacterium sp. cx-624"
"Chryseobacterium taklimakanense","Chryseobacterium taklimakanense H4753"
"Chryseobacterium sp. SNU WT5","Chryseobacterium sp. SNU WT5"
"Rhodothermus marinus","Rhodothermus marinus SG0.5JP17-172"
"Flavobacterium columnare","Flavobacterium columnare B245"
"Spirosoma sp. PL0136","Spirosoma sp. PL0136"
"Arachidicoccus soli","Arachidicoccus soli KIS59-12"
"Cardinium endosymbiont of Sogatella furcifera","Cardinium endosymbiont of Sogatella furcifera cSfur"
"Prevotella intermedia","Prevotella intermedia 17-2"
"Flavobacterium indicum","Flavobacterium indicum GPTSA100-9 = DSM 17447"
"Lacinutrix venerupis","Lacinutrix venerupis DOK2-8"
"Riemerella anatipestifer","Riemerella anatipestifer RA-CH-1"
"Bacteroides fragilis","Bacteroides fragilis DCMSKEJBY0001B"
"Maribacter sp. MJ134","Maribacter sp. MJ134"
"Flavobacterium psychrophilum","Flavobacterium psychrophilum FPG3"
"Bacteroidales bacterium CF","Bacteroidales bacterium CF"
"Mariniflexile sp. TRM1-10","Mariniflexile sp. TRM1-10"
"Flavobacterium columnare","Flavobacterium columnare F9R64"
"Bergeyella cardium","Bergeyella cardium HPQL"
"Elizabethkingia meningoseptica","Elizabethkingia meningoseptica G4076"
"Flavobacterium columnare","Flavobacterium columnare F9S15"
"Fluviicola taffensis","Fluviicola taffensis DSM 16823"
"Flavivirga eckloniae","Flavivirga eckloniae ECD14"
"Polaribacter sp. SM13","Polaribacter sp. SM13"
"Phocaeicola vulgatus","Bacteroides vulgatus ATCC 8482"
"Chryseobacterium indoltheticum","Chryseobacterium indoltheticum G0211"
"Bacteroides fragilis","Bacteroides fragilis DK1985"
"Dysgonomonadaceae bacterium zrk40","Dysgonomonadaceae bacterium zrk40"
"Prevotella intermedia","Prevotella intermedia KCOM 2734"
"Chryseobacterium bernardetii","Chryseobacterium bernardetii H4638"
"Petrimonas mucosa","Petrimonas mucosa DSM 28695"
"Tannerella forsythia","Tannerella forsythia KS16"
"Flavobacterium psychrophilum","Flavobacterium psychrophilum FPS-S10"
"Chryseobacterium sp. NEB161","Chryseobacterium sp. NEB161"
"Gramella fulva","Gramella fulva SH35"
"Cellulophaga baltica","Cellulophaga baltica NN016038"
"Spirosoma montaniterrae","Spirosoma montaniterrae DY10"
"Flavobacterium columnare","Flavobacterium columnare F9R78"
"Dokdonia sp. MED134","Dokdonia sp. MED134"
"Hymenobacter sp. DG25A","Hymenobacter sp. DG25A"
"Tannerella sp. oral taxon HOT-286","Tannerella sp. oral taxon HOT-286 W11666"
"Alistipes communis","Alistipes communis 5CBH24"
"Riemerella anatipestifer","Riemerella anatipestifer CH3"
"Winogradskyella sp. RHA_55","Winogradskyella sp. RHA_55"
"Chryseobacterium lactis","Chryseobacterium lactis KC_1864"
"Aequorivita sp. H23M31","Aequorivita sp. H23M31"
"Winogradskyella sp. J14-2","Winogradskyella sp. J14-2"
"Apibacter sp. B2966","Apibacter sp. B2966"
"Candidatus Uzinura diaspidicola","Candidatus Uzinura diaspidicola str. ASNER"
"Kaistella jeonii","Kaistella jeonii NCTC13459"
"Prevotella denticola","Prevotella denticola F0289"
"Chryseobacterium sp. 3008163","Chryseobacterium sp. 3008163"
"Wenyingzhuangia fucanilytica","Wenyingzhuangia fucanilytica CZ1127"
"Capnocytophaga sp. oral taxon 878","Capnocytophaga sp. oral taxon 878 F0545"
"Chryseobacterium arthrosphaerae","Chryseobacterium arthrosphaerae FDAARGOS_519"
"Salinibacter ruber","Salinibacter ruber DSM 13855"
"Gramella flava","Gramella flava JLT2011"
"Psychroserpens sp. NJDZ02","Psychroserpens sp. NJDZ02"
"Chryseobacterium nakagawai","Chryseobacterium nakagawai G0041"
"Tenacibaculum jejuense","Tenacibaculum jejuense KCTC 22618"
"Chryseobacterium sp. G0162","Chryseobacterium sp. G0162"
"Dyadobacter fermentans","Dyadobacter fermentans DSM 18053"
"Parabacteroides distasonis","Parabacteroides distasonis FDAARGOS_1234"
"Lacinutrix sp. WUR7","Lacinutrix sp. WUR7"
"Phocaeicola dorei","Phocaeicola dorei JR03"
"Flavobacterium psychrophilum","Flavobacterium psychrophilum K9/00"
"Candidatus Fluviicola riflensis","Candidatus Fluviicola riflensis"
"Sphingobacterium thalpophilum","Sphingobacterium thalpophilum NCTC11429"
"Capnocytophaga sp. oral taxon 864","Capnocytophaga sp. oral taxon 864 F0512"
"Capnocytophaga sp. ChDC OS43","Capnocytophaga sp. ChDC OS43"
"Parabacteroides distasonis","Parabacteroides distasonis CBBP"
"Candidatus Azobacteroides pseudotrichonymphae","Candidatus Azobacteroides pseudotrichonymphae genomovar. CFP2"
"Spirosoma sp. KCTC 42546","Spirosoma sp. KCTC 42546"
"Aquimarina sp. AD10","Aquimarina sp. AD10"
"Sphingobacterium sp. PM2-P1-29","Sphingobacterium sp. PM2-P1-29"
"Porphyromonas gingivalis","Porphyromonas gingivalis KCOM 2798"
"Flavobacterium psychrophilum","Flavobacterium psychrophilum 5"
"Blattabacterium punctulatus","Blattabacterium punctulatus CPUmc"
"Panacibacter ginsenosidivorans","Panacibacter ginsenosidivorans Gsoil1550"
"Porphyromonas gingivalis","Porphyromonas gingivalis KCOM 2799"
"Porphyromonas gingivalis","Porphyromonas gingivalis KCOM 2796"
"Porphyromonas gingivalis","Porphyromonas gingivalis KCOM 2802"
"Kaistella flava (ex Peng et al. 2021)","Kaistella flava 7-3A"
"Flavobacterium columnare","Flavobacterium columnare F2S4"
"Elizabethkingia anophelis","Elizabethkingia anophelis FDAARGOS_132"
"Flavobacterium sp. BB8","Flavobacterium sp. BB8"
"Petrimonas sp. IBARAKI","Petrimonas sp. IBARAKI"
"Chryseobacterium taklimakanense","Chryseobacterium taklimakanense F9257"
"Sphingobacterium siyangense","Sphingobacterium siyangense PDNC006"
"Owenweeksia hongkongensis","Owenweeksia hongkongensis DSM 17368"
"Mucilaginibacter rubeus","Mucilaginibacter rubeus P2-4"
"Marivirga tractuosa","Marivirga tractuosa DSM 4126"
"Flavobacterium johnsoniae","Flavobacterium johnsoniae GSE09"
"Aquiflexum balticum","Aquiflexum balticum DSM 16537"
"Bacteroides uniformis","Bacteroides uniformis NBRC 113350"
"Belliella baltica","Belliella baltica DSM 15883"
"Bacteroides caccae","Bacteroides caccae FDAARGOS_1097"
"Flavobacterium columnare","Flavobacterium columnare B185R"
"Flavobacterium columnare","Flavobacterium columnare F2R67"
"Chryseobacterium indologenes","Chryseobacterium indologenes FDAARGOS_648"
"Porphyromonas gingivalis","Porphyromonas gingivalis A7436"
"Chryseobacterium piperi","Chryseobacterium piperi ATCC BAA-1782"
"Sediminicola sp. YIK13","Sediminicola sp. YIK13"
"Sphingobacterium multivorum","Sphingobacterium multivorum FDAARGOS_1203"
"Chryseobacterium balustinum","Chryseobacterium balustinum KC_1863"
"Gramella salexigens","Gramella salexigens LPB0144"
"Pedobacter sp. PAMC26386","Pedobacter sp. PAMC26386"
"Prevotella enoeca","Prevotella enoeca F0113"
"Olivibacter sp. LS-1","Olivibacter sp. LS-1"
"Elizabethkingia meningoseptica","Elizabethkingia meningoseptica NCTC10016"
"Flavobacterium psychrophilum","Flavobacterium psychrophilum Z1"
"Duncaniella sp. B8","Duncaniella sp. B8"
"Nonlabens sp. Ci31","Nonlabens sp. Ci31"
"Riemerella anatipestifer","Riemerella anatipestifer ATCC 11845 = DSM 15868"
"Polaribacter sp. BM10","Polaribacter sp. BM10"
"Chryseobacterium indologenes","Chryseobacterium indologenes 3012STDY6981895"
"Pukyongia salina","Aureitalea sp. RR4-38"
"Flavobacterium psychrophilum","Flavobacterium psychrophilum 010418-2/1"
"Flavobacterium columnare","Flavobacterium columnare B185"
"Phocaeicola dorei","Bacteroides dorei CL03T12C01"
"Zunongwangia profunda","Zunongwangia profunda SM-A87"
"Chryseobacterium sp. G0186","Chryseobacterium sp. G0186"
"Chryseobacterium carnipullorum","Chryseobacterium carnipullorum G0188"
"Croceibacter atlanticus","Croceibacter atlanticus HTCC2559"
"Chryseobacterium lactis","Chryseobacterium lactis G0197"
"Chryseobacterium indologenes","Chryseobacterium indologenes H5559"
"Bacteroides cellulosilyticus","Bacteroides cellulosilyticus WH2"
"Robiginitalea biformata","Robiginitalea biformata HTCC2501"
"Capnocytophaga haemolytica","Capnocytophaga haemolytica CCUG 32990"
"Flavobacterium psychrophilum","Flavobacterium psychrophilum VQ50"
"Lacinutrix sp. 5H-3-7-4","Lacinutrix sp. 5H-3-7-4"
"Prevotella intermedia","Prevotella intermedia KCOM 1933"
"Tenacibaculum dicentrarchi","Tenacibaculum dicentrarchi AY7486TD"
"Capnocytophaga haemolytica","Capnocytophaga haemolytica NCTC12947"
"Sphingobacterium psychroaquaticum","Sphingobacterium psychroaquaticum SJ-25"
"Flavobacterium psychrophilum","Flavobacterium psychrophilum FPS-S11B"
"Lacinutrix sp. Bg11-31","Lacinutrix sp. Bg11-31"
"Flavobacterium nackdongense","Flavobacterium nackdongense"
"Flavobacterium psychrophilum","Flavobacterium psychrophilum OSU THCO2-90"
"Sphingobacterium spiritivorum","Sphingobacterium spiritivorum FDAARGOS_1146"
"Prevotella fusca","Prevotella fusca JCM 17724"
"Mucilaginibacter sp. 14171R-50","Mucilaginibacter sp. 14171R-50"
"Aquimarina sp. BL5","Aquimarina sp. BL5"
"Bacteroides ovatus","Bacteroides ovatus FDAARGOS_1235"
"Capnocytophaga cynodegmi","Capnocytophaga cynodegmi G7591"
"Bacteroides sp. PHL 2737","Bacteroides sp. PHL 2737"
"Chitinophaga caeni","Chitinophaga caeni"
"Marinirhabdus gelatinilytica","Marinirhabdus gelatinilytica RR4-40"
"Myroides odoratimimus","Myroides odoratimimus PR63039"
"Pedobacter sp. G11","Pedobacter sp. G11"
"Runella sp. HYN0085","Runella sp. HYN0085"
"Lacibacter sp. S13-6-6","Lacibacter sp. S13-6-6"
"Elizabethkingia anophelis","Elizabethkingia anophelis Ag1"
"Rhodothermus marinus","Rhodothermus marinus DSM 4252"
"Chryseobacterium gleum","Chryseobacterium gleum 110146"
"Pontibacter korlensis","Pontibacter korlensis X14-1T"
"Chitinophaga alhagiae","Chitinophaga alhagiae T22"
"Spirosoma sp. CJU-R4","Spirosoma sp. CJU-R4"
"Capnocytophaga sputigena","Capnocytophaga sputigena H4486"
"Alistipes dispar","Alistipes dispar 5CPEGH6"
"Odoribacter splanchnicus","Odoribacter splanchnicus DSM 20712"
"Spirosoma radiotolerans","Spirosoma radiotolerans DG5A"
"Flavobacterium psychrophilum","Flavobacterium psychrophilum F164"
"Elizabethkingia anophelis","Elizabethkingia anophelis CSID_3015183678"
"Bacteroides xylanisolvens","Bacteroides xylanisolvens H207"
"Flavobacterium psychrophilum","Flavobacterium psychrophilum P7-7B/10"
"Flavobacterium psychrophilum","Flavobacterium psychrophilum FPS-F30"
"Flavobacterium psychrophilum","Flavobacterium psychrophilum FPG101"
"Flavobacterium pallidum","Flavobacterium pallidum HYN0049"
"Elizabethkingia anophelis","Elizabethkingia anophelis E6809"
"Tenuifilum thalassicum","Tenuifilum thalassicum 38-H"
"Prevotella intermedia","Prevotella intermedia KCOM 1949"
"Tenacibaculum maritimum","Tenacibaculum maritimum"
"Mucilaginibacter rubeus","Mucilaginibacter rubeus P1"
"Alistipes shahii","Alistipes shahii WAL 8301"
"Flavobacterium psychrophilum","Flavobacterium psychrophilum 950106-1/1"
"Hymenobacter sp. NBH84","Hymenobacter sp. NBH84"
"Flavobacterium columnare","Flavobacterium columnare F9R58"
"Muribaculum intestinale","Muribaculum intestinale YL27"
"Bacteroides thetaiotaomicron","Bacteroides thetaiotaomicron FDAARGOS_935"
"Flavobacterium psychrophilum","Flavobacterium psychrophilum FPS-F22"
"Blattabacterium punctulatus","Blattabacterium punctulatus CPUpc"
"Labilibaculum antarcticum","Labilibaculum antarcticum SPP2"
"Flavobacterium columnare","Flavobacterium columnare TC 1691"
"Flavobacterium psychrophilum","Flavobacterium psychrophilum V2-20"
"Blattabacterium punctulatus","Blattabacterium punctulatus CPUbr"
"Sphingobacterium daejeonense","Sphingobacterium daejeonense NCTC13534"
"Elizabethkingia bruuniana","Elizabethkingia bruuniana G0146"
"Zobellia galactanivorans","Zobellia galactanivorans DsijT"
"Phocaeicola vulgatus","Phocaeicola vulgatus FDAARGOS_1099"
"Mucilaginibacter rubeus","Mucilaginibacter rubeus P2-22.5"
"Prevotella intermedia","Prevotella intermedia KCOM 2836"
"Gilvibacter sp. SZ-19","Gilvibacter sp. SZ-19"
"Elizabethkingia anophelis","Elizabethkingia anophelis FMS-007"
"Nonlabens sp. Hel1_33_55","Nonlabens sp. Hel1_33_55"
"Flavobacterium psychrophilum","Flavobacterium psychrophilum V4-33"
"Capnocytophaga canimorsus","Capnocytophaga canimorsus H5594"
"Flavobacterium columnare","Flavobacterium columnare F9R69"
"Flavobacterium psychrophilum","Flavobacterium psychrophilum strain 950106-1/1"
"Blattabacterium punctulatus","Blattabacterium punctulatus CPUsv"
"Myroides odoratus","Myroides odoratus FDAARGOS_1131"
"Pseudobacter ginsenosidimutans","Pseudobacter ginsenosidimutans Gsoil 221"
"Sphingobacterium sp. ML3W","Sphingobacterium sp. ML3W"
"Pontibacter sp. SGAir0037","Pontibacter sp. SGAir0037"
"Chryseobacterium indologenes","Chryseobacterium indologenes 3125"
"Flammeovirgaceae bacterium 311","Flammeovirgaceae bacterium 311"
"Chryseobacterium sp. POL2","Chryseobacterium sp. POL2"
"Phocaeicola coprophilus","Phocaeicola coprophilus FDAARGOS_1220"
"Flavobacterium sangjuense","Flavobacterium sangjuense GS03"
"Prevotella melaninogenica","Prevotella melaninogenica FDAARGOS_760"
"Tannerella forsythia","Tannerella forsythia 92A2 ATCC 43037"
"Maribacter sp. T28","Maribacter sp. T28"
"Flavobacteriaceae bacterium","Flavobacteriaceae bacterium ZY171143"
"Elizabethkingia anophelis","Elizabethkingia anophelis SEA01"
"Chryseobacterium joostei","Chryseobacterium joostei DSM 16927"
"Pedobacter sp. CJ43","Pedobacter sp. CJ43"
"Bernardetia litoralis","Bernardetia litoralis DSM 6794"
"Capnocytophaga canimorsus","Capnocytophaga canimorsus RBWH"
"Elizabethkingia anophelis","Elizabethkingia anophelis NUHP1"
"Myroides sp. ZB35","Myroides sp. ZB35"
"Nonlabens dokdonensis","Nonlabens dokdonensis DSW-6"
"Flavobacteriaceae bacterium","Flavobacteriaceae bacterium isolate MH-Pat-all_autometa_1-8"
"Gramella sp. MAR_2010_147","Gramella sp. MAR_2010_147"
"Bacteroides caecimuris","Bacteroides caecimuris I48"
"Bacteroides sp. HF-162","Bacteroides sp. HF-162"
"Flavobacterium psychrophilum","Flavobacterium psychrophilum FPS-F33"
"Polaribacter vadi","Polaribacter vadi LPB0003"
"Bacteroides caccae","Bacteroides caccae ATCC 43185"
"Aequorivita sublithincola","Aequorivita sublithincola DSM 14238"
"Capnocytophaga sp. oral taxon 323","Capnocytophaga sp. oral taxon 323 str. F0383"
"Cryomorphaceae bacterium","Cryomorphaceae bacterium ECT2AJA-044"
"Flavisolibacter ginsenosidimutans","Flavisolibacter ginsenosidimutans Gsoil 636"
"Elizabethkingia miricola","Elizabethkingia miricola FL160902"
"Flavobacterium columnare","Flavobacterium columnare Pf1"
"Pedobacter sp. JBR3-12","Pedobacter sp. JBR3-12"
"Arachidicoccus sp. B3-10","Arachidicoccus sp. B3-10"
"Flavobacterium psychrophilum","Flavobacterium psychrophilum FPS-F15"
"Elizabethkingia anophelis","Elizabethkingia anophelis R26"
"Chitinophaga agri","Chitinophaga agri H33E-04"
"Dokdonia donghaensis","Dokdonia donghaensis DSW-1"
"Tenacibaculum maritimum","Tenacibaculum maritimum TM-KORJJ"
"Niabella ginsenosidivorans","Niabella ginsenosidivorans BS26"
"Pedobacter sp. HDW13","Pedobacter sp. HDW13"
"Algoriphagus sanaruensis","Algoriphagus sanaruensis M8-2"
"Cellulophaga lytica","Cellulophaga lytica DAU203"
"Blattabacterium punctulatus","Blattabacterium punctulatus CPUbt"
"Olleya aquimaris","Olleya aquimaris DAU311"
"Chitinophaga sp. MD30","Chitinophaga sp. MD30"
"Bacteroides thetaiotaomicron","Bacteroides thetaiotaomicron VPI-5482"
"Flavobacteriaceae bacterium 3519-10","Flavobacteriaceae bacterium 3519-10"
"Phocaeicola dorei","Phocaeicola dorei JR05"
"Riemerella anatipestifer","Riemerella anatipestifer RA-GD"
"Dokdonia sp. Dokd-P16","Dokdonia sp. Dokd-P16"
"Phocaeicola dorei","Phocaeicola dorei JR04"
"Urechidicola croceus","Urechidicola croceus LPB0138"
"Bacteroides zoogleoformans","Bacteroides zoogleoformans ATCC 33285"
"Flavobacterium psychrophilum","Flavobacterium psychrophilum FPS-F32"
"Flavobacterium columnare","Flavobacterium columnare F2R65"
"Flavobacterium sp. LPB0248","Flavobacterium sp. LPB0248 LPB248"
"Porphyromonas gingivalis","Porphyromonas gingivalis KCOM 2805"
"Porphyromonas gingivalis","Porphyromonas gingivalis ATCC 33277"
"Flavobacterium sp. Sr18","Flavobacterium sp. Sr18"
"Mucilaginibacter ginsenosidivorans","Mucilaginibacter ginsenosidivorans Gsoil 3017"
"Capnocytophaga canimorsus","Capnocytophaga canimorsus Rmd13-Crie"
"Elizabethkingia sp. JS20170427COW","Elizabethkingia sp. JS20170427COW"
"Flavobacterium psychrophilum","Flavobacterium psychrophilum MH1"
"Hymenobacter jejuensis","Hymenobacter jejuensis 17J68-5"
"Prevotella oris","Prevotella oris NCTC13071"
"Chryseobacterium glaciei","Chryseobacterium glaciei IHBB 10212"
"Runella slithyformis","Runella slithyformis DSM 19594"
"Polaribacter sp. G4M1","Polaribacter sp. G4M1"
"Blattabacterium punctulatus","Blattabacterium sp. (Cryptocercus punctulatus) str. Cpu"
"Maribacter sp. 1_2014MBL_MicDiv","Maribacter sp. 1_2014MBL_MicDiv"
"Coprobacter sp. 2CBH44","Coprobacter sp. 2CBH44"
"Draconibacterium sp. M1","Draconibacterium sp. M1"
"Blattabacterium punctulatus","Blattabacterium punctulatus CPUml"
"Muricauda lutaonensis","Muricauda lutaonensis CC-HSB-11"
"Pedobacter ginsengisoli","Pedobacter ginsengisoli T01R-27"
"Flavobacterium columnare","Flavobacterium columnare ATCC 49512"
"Chryseobacterium sp. StRB126","Chryseobacterium sp. StRB126"
"Chryseobacterium gleum","Chryseobacterium gleum 3012STDY6944375"
"Prevotella jejuni","Prevotella jejuni CD3_33"
"Elizabethkingia sp. M8","Elizabethkingia sp. M8"
"Polaribacter haliotis","Polaribacter haliotis KCTC 52418"
"Chryseobacterium sp. JV274","Chryseobacterium sp. JV274 F3_Prior"
"Hymenobacter sp. BRD67","Hymenobacter sp. BRD67"
"Flavobacterium columnare","Flavobacterium columnare F9R72"
"Flavobacterium faecale","Flavobacterium faecale WV33"
"Riemerella anatipestifer","Riemerella anatipestifer 17"
"Porphyromonas gingivalis","Porphyromonas gingivalis 381"
"Prevotella copri","Prevotella copri YF2"
"Psychroflexus torquis","Psychroflexus torquis ATCC 700755"
"Sphingobacterium mizutaii","Sphingobacterium mizutaii NCTC12149"
"Hymenobacter oligotrophus","Hymenobacter oligotrophus sh-6"
"Capnocytophaga sputigena","Capnocytophaga sputigena NCTC11097"
"Elizabethkingia anophelis","Elizabethkingia anophelis AR4-6"
"Chryseobacterium bernardetii","Chryseobacterium bernardetii G0229"
"Chryseobacterium gleum","Chryseobacterium gleum FDAARGOS_1103"
"Hymenobacter sp. HDW8","Hymenobacter sp. HDW8"
"Flavobacterium sp. MDT1-60","Flavobacterium sp. MDT1-60"
"Fermentimonas caenicola","Fermentimonas caenicola"
"Prevotella intermedia","Prevotella intermedia KCOM 2033"
"Flavobacterium columnare","Flavobacterium columnare FCO-F2"
"Elizabethkingia sp. 2-6","Elizabethkingia sp. 2-6"
"Rufibacter tibetensis","Rufibacter tibetensis strain 1351"
"Bacteroides heparinolyticus","Bacteroides heparinolyticus F0111"
"Chryseolinea soli","Chryseolinea soli KIS68-18"
"Niastella koreensis","Niastella koreensis GR20-10"
"Riemerella anatipestifer","Riemerella anatipestifer NCTC11014"
"Mucilaginibacter celer","Mucilaginibacter sp. HYN0043"
"Bacteroides fragilis","Bacteroides fragilis Q1F2"
"Adhaeribacter swui","Adhaeribacter swui KCTC 52873"
"Runella sp. SP2","Runella sp. SP2"
"Flavobacterium arcticum","Flavobacterium arcticum SM1502"
"Elizabethkingia anophelis","Elizabethkingia anophelis 0422"
"Muriicola sp. MMS17-SY002","Muriicola sp. MMS17-SY002"
"Parabacteroides distasonis","Parabacteroides distasonis FDAARGOS_759"
"Polaribacter sp. SA4-12","Polaribacter sp. SA4-12"
"Muricauda sp. 501str8","Muricauda sp. 501str8"
"Bacteroides helcogenes","Bacteroides helcogenes P 36-108"
"Chryseobacterium indologenes","Chryseobacterium indologenes FDAARGOS_379"
"Chryseobacterium shandongense","Chryseobacterium shandongense G0239"
"Empedobacter brevis","Empedobacter brevis BCLYD2"
"Blattabacterium punctulatus","Blattabacterium punctulatus CPUsm"
"Chryseobacterium carnipullorum","Chryseobacterium carnipullorum F9942"
"Mucilaginibacter ginkgonis","Mucilaginibacter ginkgonis HMF7856"
"Parabacteroides distasonis","Parabacteroides distasonis CavFT-hAR46"
"Bacteroides fragilis","Bacteroides fragilis YCH46"
"Cellulophaga algicola","Cellulophaga algicola DSM 14237"
"Flammeovirga pectinis","Flammeovirga pectinis L12M1"
"Antarcticibacterium flavum","Antarcticibacterium flavum KCTC 52984"
"Tenacibaculum todarodis","Tenacibaculum todarodis LPB0136"
"Porphyromonas gingivalis","Porphyromonas gingivalis A7A1-28"
"Flavobacterium alkalisoli","Flavobacterium alkalisoli XS-5"
"Flavobacterium psychrophilum","Flavobacterium psychrophilum FPS-R7"
"Bacteroides ovatus","Bacteroides ovatus 3725 D1 iv"
"Aquipluma nitroreducens","Aquipluma nitroreducens MeG22"
"Bacteroides fragilis","Bacteroides fragilis FDAARGOS_1225"
"Formosa sediminum","Formosa sediminum PS13"
"Riemerella anatipestifer","Riemerella anatipestifer RCAD0133"
"Rufibacter radiotolerans","Rufibacter radiotolerans DG31D"
"Chryseobacterium gallinarum","Chryseobacterium gallinarum DSM 27622"
"Porphyromonas gingivalis","Porphyromonas gingivalis KCOM 2800"
"Ornithobacterium rhinotracheale","Ornithobacterium rhinotracheale FARPER-174b"
"Roseivirga pacifica","Roseivirga pacifica 9dcg1"
"Phocaeicola salanitronis","Phocaeicola salanitronis DSM 18170"
"Costertonia aggregata","Costertonia aggregata KCCM 42265"
"Bacteroides fragilis","Bacteroides fragilis 638R"
"Aquimarina sp. AD1","Aquimarina sp. AD1"
"Muricauda ruestringensis","Muricauda ruestringensis DSM 13258"
"Bacteroides sp. CACC 737","Bacteroides sp. CACC 737"
"Mucilaginibacter sp. PAMC 26640","Mucilaginibacter sp. PAMC 26640"
"Porphyromonas gingivalis","Porphyromonas gingivalis KCOM 2804"
"Prevotella scopos","Prevotella scopos JCM 17725"
"Bacteroidetes bacterium UKL13-3","Bacteroidetes bacterium UKL13-3"
"Flavobacterium album","Flavobacterium album HYN0059"
"Nonlabens marinus","Nonlabens marinus S1-08"
"Kordia sp. SMS9","Kordia sp. SMS9"
"Croceimicrobium hydrocarbonivorans","Cryomorphaceae bacterium A20-9"
"Flavobacterium johnsoniae","Flavobacterium johnsoniae UW101"
"Hymenobacter sp. PAMC 26554","Hymenobacter sp. PAMC 26554"
"Rufibacter sp. DG15C","Rufibacter sp. DG15C"
"Butyricimonas virosa","Butyricimonas virosa FDAARGOS_1229"
"Blattabacterium sp. (Blattella germanica)","Blattabacterium sp. (Blattella germanica) str. Bge Alboraia"
"Flavobacterium psychrophilum","Flavobacterium psychrophilum FPRT1"
"Elizabethkingia bruuniana","Elizabethkingia bruuniana ATCC 33958"
"Proteiniphilum saccharofermentans","Proteiniphilum saccharofermentans"
"Capnocytophaga canimorsus","Capnocytophaga canimorsus Cc5"
"Hymenobacter sp. S2-20-2","Hymenobacter sp. S2-20-2"
"Chryseobacterium indologenes","Chryseobacterium indologenes StR 01"
"Cruoricaptor ignavus","Cruoricaptor ignavus M1214"
"Hymenobacter sp. PAMC 26628","Hymenobacter sp. PAMC 26628"
"Sphingobacterium sp. 21","Sphingobacterium sp. 21"
"Parabacteroides distasonis","Parabacteroides distasonis NBRC 113806"
"Prevotella sp. WR041","Prevotella sp. WR041"
"Phocaeicola dorei","Phocaeicola dorei JR01"
"Elizabethkingia anophelis","Elizabethkingia anophelis F3543"
"Flavobacterium columnare","Flavobacterium columnare F9S17"
"Flavobacterium psychrophilum","Flavobacterium psychrophilum 4"
"Polaribacter sp. SA4-10","Polaribacter sp. SA4-10"
"Blattabacterium sp. (Blaberus giganteus)","Blattabacterium sp. (Blaberus giganteus) BGIGA"
"Blattabacterium sp. (Mastotermes darwiniensis)","Blattabacterium sp. (Mastotermes darwiniensis) str. MADAR"
"Fibrella aestuarina","Fibrella aestuarina BUZ 2"
"Flavobacterium crocinum","Flavobacterium crocinum HYN0056"
"Riemerella anatipestifer","Riemerella anatipestifer 153"
"Myroides odoratimimus","Myroides odoratimimus G13"
"Weeksella virosa","Weeksella virosa NCTC11634"
"Echinicola vietnamensis","Echinicola vietnamensis DSM 17526"
"Porphyromonas gingivalis","Porphyromonas gingivalis W83"
"Porphyromonas asaccharolytica","Porphyromonas asaccharolytica DSM 20707"
"Porphyromonas gingivalis","Porphyromonas gingivalis TDC 60"
"Blattabacterium punctulatus","Blattabacterium punctulatus CPUwf"
"Winogradskyella sp. PAMC22761","Winogradskyella sp. PAMC22761"
"Chryseobacterium indoltheticum","Chryseobacterium indoltheticum ATCC 27950"
"Chitinophaga sp. 1303","Chitinophaga sp. 1303"
"Sphingobacterium sp. dk4302","Sphingobacterium sp. dk4302"
"Alkalitalea saponilacus","Alkalitalea saponilacus DSM 24412"
"Pedobacter steynii","Pedobacter steynii DX4"
"Bacteroides fragilis","Bacteroides fragilis CCUG4856T"
"Capnocytophaga leadbetteri","Capnocytophaga leadbetteri H6253"
"Hymenobacter sp. DG25B","Hymenobacter sp. DG25B"
"Flavobacterium psychrophilum","Flavobacterium psychrophilum FPS-S6"
"Nibribacter ruber","Nibribacter ruber BT10"
"Phocaeicola dorei","Phocaeicola dorei isolate HS1_L1_B_010"
"Flavobacterium psychrophilum","Flavobacterium psychrophilum V3-5"
"Flavobacterium sp. SLB02","Flavobacterium sp. SLB02 SGTM"
"Arenibacter algicola","Arenibacter algicola SMS7"
"Myroides sp. A21","Myroides sp. A21"
"Riemerella anatipestifer","Riemerella anatipestifer Yb2"
"Tenacibaculum mesophilum","Tenacibaculum mesophilum DSM 13764"
"Capnocytophaga gingivalis","Capnocytophaga gingivalis H1496"
"Sphingobacterium multivorum","Sphingobacterium multivorum FDAARGOS_1140"
"Chryseobacterium shandongense","Chryseobacterium shandongense G0207"
"Maribacter sp. HTCC2170","Maribacter sp. HTCC2170"
"Maribacter sp. MAR_2009_60","Maribacter sp. MAR_2009_60"
"Bacteroides sp. A1C1","Bacteroides sp. A1C1"
"Flavobacterium columnare","Flavobacterium columnare F2R74"
"Alistipes finegoldii","Alistipes finegoldii DSM 17242"
"Flavobacterium columnare","Flavobacterium columnare C#2"
"Alistipes indistinctus","Alistipes indistinctus 2BBH45"
"Chitinophaga sp. XS-30","Chitinophaga sp. XS-30"
"Flavobacterium psychrophilum","Flavobacterium psychrophilum FPS-F27"
"Sphingobacteriaceae bacterium GW460-11-11-14-LB5","Sphingobacteriaceae bacterium GW460-11-11-14-LB5"
"Polaribacter sp. L12M9","Polaribacter sp. L12M9"
"Capnocytophaga sp. H2931","Capnocytophaga sp. H2931"
"Capnocytophaga sp. H4358","Capnocytophaga sp. H4358"
"Flavobacterium psychrophilum","Flavobacterium psychrophilum P30-2B/09"
"Sphingobacterium sp. UDSM-2020","Sphingobacterium sp. UDSM-2020"
"Flavobacterium columnare","Flavobacterium columnare F2R70"
"Paraflavitalea soli","Paraflavitalea soli 5GH32-13"
"Hymenobacter qilianensis","Hymenobacter qilianensis JCM 19763"
"Candidatus Amoebophilus asiaticus","Candidatus Amoebophilus asiaticus 5a2"
"Flavobacterium columnare","Flavobacterium columnare F2R62"
"Flavobacterium psychrophilum","Flavobacterium psychrophilum JIP02/86"
"Tenacibaculum sp. SZ-18","Tenacibaculum sp. SZ-18"
"Sphingobacterium sp. CZ-2","Sphingobacterium sp. CZ-2"
"Mucilaginibacter rubeus","Mucilaginibacter rubeus P2-0.1"
"Thermoflavifilum sp.","Thermoflavifilum sp."
"Bacteroides ovatus","Bacteroides ovatus V975"
"Arachidicoccus sp. BS20","Arachidicoccus sp. BS20"
"Flavobacterium psychrophilum","Flavobacterium psychrophilum V1-20"
"Flavobacterium psychrophilum","Flavobacterium psychrophilum 3"
"Mucilaginibacter mallensis","Mucilaginibacter mallensis MP1X4"
"Chryseobacterium indologenes","Chryseobacterium indologenes FDAARGOS_337"
"Ornithobacterium rhinotracheale","Ornithobacterium rhinotracheale DSM 15997"
"Olivibacter sp. SDN3","Olivibacter sp. SDN3"
"Mucilaginibacter sp. F39-2","Mucilaginibacter sp. F39-2"
"Phocaeicola vulgatus","Phocaeicola vulgatus FDAARGOS_1098"
"Polaribacter reichenbachii","Polaribacter reichenbachii KCTC 23969"
"Bacteroides fragilis","Bacteroides fragilis NCTC 9343"
"Cloacibacterium normanense","Cloacibacterium normanense NRS-1"
"Fibrella sp. ES10-3-2-2","Fibrella sp. ES10-3-2-2"
"Altibacter sp. ALE3EI","Altibacter sp. ALE3EI"
"Chryseobacterium sp. NBC 122","Chryseobacterium sp. NBC 122"
"Polaribacter sp. ALD11","Polaribacter sp. ALD11"
"Flavisolibacter tropicus","Flavisolibacter tropicus LCS9"
"Formosa agariphila","Formosa agariphila KMM 3901"
"Flavobacterium psychrophilum","Flavobacterium psychrophilum CSF259-93"
"Prevotella intermedia","Prevotella intermedia strain 17"
"Polaribacter reichenbachii","Polaribacter reichenbachii 6Alg 8T"
"Spirosoma aureum","Spirosoma aureum BT328"
"Flavobacterium columnare","Flavobacterium columnare F2R68"
"Flavobacterium psychrophilum","Flavobacterium psychrophilum 990512-1/2A"
"Tenacibaculum sp. DSM 106434","Tenacibaculum sp. DSM 106434"
"Flavobacterium sp. xlx-214","Flavobacterium sp. xlx-214"
"Salinivirga cyanobacteriivorans","Salinivirga cyanobacteriivorans L21-Spi-D4"
"Rhodothermaceae bacterium RA","Rhodothermaceae bacterium RA"
"Bacteroides fragilis","Bacteroides fragilis BE1"
"Mucinivorans hirudinis","Mucinivorans hirudinis M3"
"Oceanihabitans sp. IOP_32","Oceanihabitans sp. IOP_32"
"Bacteroides uniformis","Bacteroides uniformis FDAARGOS_901"
"Chryseobacterium sp. T16E-39","Chryseobacterium sp. T16E-39"
"Elizabethkingia anophelis","Elizabethkingia anophelis CSID_3015183684"
"Hymenobacter sp. BRD128","Hymenobacter sp. BRD128"
"Mesoflavibacter sp. HG96","Mesoflavibacter sp. HG96"
"Bacteroides intestinalis","Bacteroides intestinalis APC919/174"
"Chryseobacterium shandongense","Chryseobacterium shandongense H5143"
"Porphyromonas cangingivalis","Porphyromonas cangingivalis NCTC12856"
"Chryseobacterium indologenes","Chryseobacterium indologenes FDAARGOS_510"
"Chryseobacterium taklimakanense","Chryseobacterium taklimakanense NCTC13490"
"Bacteroides sp. ZJ-18","Bacteroides sp. ZJ-18"
"Flavobacterium sp. M31R6","Flavobacterium sp. M31R6"
"Spirosoma sp. KUDC1026","Spirosoma sp. KUDC1026"
"Empedobacter brevis","Empedobacter brevis SE1-3"
"Cytophagales bacterium TFI 002","Cytophagales bacterium TFI 002"
"Cellulophaga lytica","Cellulophaga lytica DSM 7489"
"Pedobacter heparinus","Pedobacter heparinus DSM 2366"
"Elizabethkingia miricola","Elizabethkingia miricola EM798-26"
"Bacteroides caccae","Bacteroides caccae FDAARGOS_1219"
"Tamlana carrageenivorans","Tamlana carrageenivorans UJ94"
"Flavobacterium psychrophilum","Flavobacterium psychrophilum FPS-D15"
"Sphingobacterium multivorum","Sphingobacterium multivorum FDAARGOS_1141"
"Draconibacterium orientale","Draconibacterium orientale FH5"
"Flavobacterium psychrophilum","Flavobacterium psychrophilum FPS-F16"
"Pedobacter sp. KBS0701","Pedobacter sp. KBS0701"
"Bacteroides fragilis","Bacteroides fragilis DCMOUH0067B"
"Elizabethkingia anophelis","Elizabethkingia anophelis 3375"
"Epilithonimonas vandammei","Epilithonimonas vandammei H6466"
"Flavobacterium columnare","Flavobacterium columnare F2R72"
"Nonlabens ponticola","Nonlabens ponticola MJ115"
"Bacteroides fragilis","Bacteroides fragilis BOB25"
"Chryseobacterium haifense","Chryseobacterium haifense G0079"
"Polaribacter sejongensis","Polaribacter sejongensis KCTC 23670"
"Prevotella sp. oral taxon 299","Prevotella sp. oral taxon 299 str. F0039"
"Hymenobacter sp. TS19","Hymenobacter sp. TS19"
"Porphyromonas crevioricanis","Porphyromonas crevioricanis NCTC12858"
"Mucilaginibacter ginsenosidivorax","Mucilaginibacter ginsenosidivorax KHI28"
"Phocaeicola dorei","Phocaeicola dorei isolate HS2_L_2_B_045b"
"Elizabethkingia meningoseptica","Elizabethkingia meningoseptica KC1913"
"Bacteroides xylanisolvens","Bacteroides xylanisolvens XB1A"
"Myroides odoratus","Myroides odoratus FDAARGOS_1132"
"Prevotella intermedia","Prevotella intermedia KCOM 1741"
"Flavobacterium sp. KBS0721","Flavobacterium sp. KBS0721"
"Flavobacteriaceae bacterium MAR_2010_188","Flavobacteriaceae bacterium MAR_2010_188"
"Chryseobacterium sp. 6424","Chryseobacterium sp. 6424"
"Spirosoma pollinicola","Spirosoma pollinicola HA7"
"Psychroflexus sp. ALD_RP9","Psychroflexus sp. ALD_RP9"
"Spirosoma endbachense","Spirosoma endbachense I-24"
"Parabacteroides distasonis","Parabacteroides distasonis ATCC 8503"
"Chryseobacterium indologenes","Chryseobacterium indologenes DSM 16777"
"Flavobacterium columnare","Flavobacterium columnare F9R66"
"Flavobacterium psychrophilum","Flavobacterium psychrophilum PG2"
"Prevotella intermedia","Prevotella intermedia KCOM 2837"
"Flavobacterium psychrophilum","Flavobacterium psychrophilum 160401-1/5N"
"Ichthyobacterium seriolicida","Ichthyobacterium seriolicida JBKA-6"
"Chitinophaga sp. 1310","Chitinophaga sp. 1310"
"Kaistella carnis","Chryseobacterium carnis G0081"
"Bacteroides fragilis","Bacteroides fragilis DCMOUH0042B"
"Bacteroides sp. M10","Bacteroides sp. M10"
"Bacteroides thetaiotaomicron","Bacteroides thetaiotaomicron 7330"
"Chryseobacterium gallinarum","Chryseobacterium gallinarum FDAARGOS_636"
